Time (%),Total Time (ns),Num Calls,Avg (ns),Med (ns),Min (ns),Max (ns),StdDev (ns),Name
85.4,136635712,29,4711576.3,5728.0,4544,96020000,17772318.2,cudaStreamSynchronize
4.6,7427808,380,19546.9,20000.0,7424,92768,7088.1,cudaLaunchKernel
4.6,7395136,1,7395136.0,7395136.0,7395136,7395136,0.0,cudaEventRecord
2.8,4479680,59,75926.8,25504.0,18016,2823776,364182.8,cudaMemcpyAsync
1.4,2317760,199,11647.0,10272.0,6240,55840,6554.9,cuLaunchKernel
1.0,1567584,119,13173.0,12768.0,6592,40160,6738.3,cuLaunchKernelEx
0.0,42944,1,42944.0,42944.0,42944,42944,0.0,cudaDeviceSynchronize
0.0,32608,11,2964.4,2976.0,1312,5472,1377.2,cudaStreamIsCapturing_v10000
0.0,9824,1,9824.0,9824.0,9824,9824,0.0,cudaEventCreateWithFlags
0.0,8704,1,8704.0,8704.0,8704,8704,0.0,cuProfilerStart
0.0,6944,1,6944.0,6944.0,6944,6944,0.0,cudaStreamWaitEvent
0.0,3456,1,3456.0,3456.0,3456,3456,0.0,cudaEventDestroy
