Time (%),Total Time (ns),Instances,Avg (ns),Med (ns),Min (ns),Max (ns),StdDev (ns),Style,Range
45.4,2702300096,1,2702300096.0,2702300096.0,2702300096,2702300096,0.0,PushPop,:scene_S0
28.0,1663564608,1,1663564608.0,1663564608.0,1663564608,1663564608,0.0,PushPop,:match
8.9,531642784,1,531642784.0,531642784.0,531642784,531642784,0.0,PushPop,:hsi_infer
7.2,431274752,1,431274752.0,431274752.0,431274752,431274752,0.0,PushPop,:patch_build
2.7,161829888,264,612992.0,570720.0,524320,3467424,298771.7,PushPop,TensorRT:ExecutionContext::enqueue
2.0,116886304,264,442751.2,417360.0,381056,1803136,164351.1,StartEnd,myelin-exec:myelinGraphExecute 
1.9,115346816,248,465108.1,448096.0,411872,1859744,126076.7,PushPop,TensorRT:{ForeignNode[/transformer/layers.2/self_attn/Slice_3_output_0[Constant]...(Unnamed Layer* 1095) [ElementWise]]}
0.7,38747616,1,38747616.0,38747616.0,38747616,38747616,0.0,PushPop,:pc_infer
0.4,25435264,1,25435264.0,25435264.0,25435264,25435264,0.0,PushPop,:prep
0.2,10418176,248,42008.8,38848.0,34304,394144,23228.5,PushPop,TensorRT:Reformatting CopyNode for Input Tensor 0 to {ForeignNode[/transformer/layers.2/self_attn/Slice_3_output_0[Constant]...(Unnamed Layer* 1095) [ElementWise]]}
0.2,10386784,248,41882.2,40192.0,35328,115232,7279.9,PushPop,TensorRT:/stem/stem.0/Conv
0.2,10253088,16,640818.0,465648.0,449312,1846016,439178.3,PushPop,TensorRT:{ForeignNode[/transformer/layers.2/self_attn/Slice_3_output_0[Constant]...(Unnamed Layer* 1030) [ElementWise]]}
0.2,9628384,1,9628384.0,9628384.0,9628384,9628384,0.0,PushPop,:assemble
0.1,6226080,248,25105.2,24352.0,18592,69504,5927.7,PushPop,TensorRT:Reformatting CopyNode for Output Tensor 0 to {ForeignNode[/transformer/layers.2/self_attn/Slice_3_output_0[Constant]...(Unnamed Layer* 1095) [ElementWise]]}
0.1,5864960,248,23649.0,22640.0,19584,80960,6018.0,PushPop,myelin-exec:/pos_enc2d/Einsum_1_myl2_2
0.1,4314336,248,17396.5,16400.0,14560,85216,5442.9,PushPop,myelin-exec:/transformer/layers_0/self_attn/Gemm_myl2_9
0.1,4303520,248,17352.9,16352.0,14272,35008,2862.5,PushPop,myelin-exec:__myl_IotCasAddResRepResRep_myl2_1
0.1,4251296,248,17142.3,15232.0,13280,208416,16584.3,PushPop,myelin-exec:__myl_Fc_myl2_11
0.1,3970144,248,16008.6,14928.0,12448,58400,4972.0,PushPop,myelin-exec:/pos_enc2d/Einsum_myl2_3
0.1,3936096,248,15871.4,14848.0,13152,56000,5010.4,PushPop,myelin-exec:/out_head/out_head_3/Gemm_myl2_33
0.1,3924704,248,15825.4,14496.0,12832,147072,9189.3,PushPop,myelin-exec:/transformer/layers_1/self_attn/Gemm_myl2_18
0.1,3749792,248,15120.1,13728.0,11712,133920,10618.0,PushPop,myelin-exec:__myl_Fc_myl2_20
0.1,3730592,248,15042.7,13680.0,11872,78656,6206.9,PushPop,myelin-exec:/transformer/layers_0/self_attn/MatMul_myl2_6
0.1,3705024,248,14939.6,13280.0,11776,131680,11070.4,PushPop,myelin-exec:__myl_FcAdd_myl2_12
0.1,3693760,248,14894.2,14208.0,12832,42240,3336.3,PushPop,myelin-exec:/transformer/layers_2/self_attn/Gemm_myl2_27
0.1,3655840,248,14741.3,13408.0,11904,140192,10802.8,PushPop,myelin-exec:__myl_Fc_myl2_29
0.1,3553536,248,14328.8,12768.0,11168,121184,10470.2,PushPop,myelin-exec:__myl_FcAdd_myl2_30
0.1,3503040,248,14125.2,12624.0,11296,152800,11714.8,PushPop,myelin-exec:__myl_FcAdd_myl2_21
0.1,3416480,248,13776.1,12944.0,11168,48448,4182.1,PushPop,myelin-exec:/transformer/layers_1/self_attn/MatMul_myl2_15
0.1,3398368,248,13703.1,12752.0,11200,46400,4138.1,PushPop,myelin-exec:/transformer/layers_2/self_attn/MatMul_myl2_24
0.1,3247168,248,13093.4,11904.0,10944,115744,9306.6,PushPop,myelin-exec:__myl_Fc_myl2_32
0.0,2700480,248,10889.0,10192.0,8928,65088,4143.8,PushPop,myelin-exec:__myl_CosResSinResCosResSinResConResRepRepCasMulErfAddMulMulCasResTraAddConCasMeaSubMulMea_myl2_4
0.0,2357792,248,9507.2,7840.0,6848,336864,20948.7,PushPop,myelin-exec:__myl_CasMeaSubMulMea_myl2_13
0.0,2304352,248,9291.7,8704.0,7584,33568,2897.3,PushPop,myelin-exec:__myl_ResTraAddResCasMeaSubMulMeaAddSqrDivMulCasMulAdd_myl2_19
0.0,2298656,248,9268.8,7552.0,6944,356352,22199.0,PushPop,myelin-exec:__myl_AddSqrDivMulCasMulAddResTra_myl2_23
0.0,2286336,248,9219.1,8544.0,7584,87616,5342.8,PushPop,myelin-exec:__myl_ResTraAddResCasMeaSubMulMeaAddSqrDivMulCasMulAdd_myl2_28
0.0,2272896,248,9164.9,8816.0,7936,51936,2876.2,PushPop,myelin-exec:__myl_TraAddResCasMeaSubMulMeaAddSqrDivMulCasMulAdd_myl2_10
0.0,2213920,248,8927.1,8544.0,7712,34240,2044.1,PushPop,myelin-exec:__myl_TraResSliResTraResTraSliSliResMov_myl2_7
0.0,2186432,248,8816.3,8352.0,7520,39936,2731.3,PushPop,myelin-exec:__myl_TraResSliSliResTraResTraSliResMov_myl2_25
0.0,2148672,248,8664.0,8224.0,7424,32992,2513.7,PushPop,myelin-exec:__myl_ResSliResCasMeaSubMulMeaAddSqrDivMulCasMulAdd_myl2_31
0.0,2106688,248,8494.7,8144.0,7136,29760,1804.8,PushPop,myelin-exec:__myl_TraResSliSliResTraResTraSliResMov_myl2_16
0.0,2092992,248,8439.5,7968.0,7264,39648,2636.3,PushPop,myelin-exec:__myl_CasMeaSubMulMea_myl2_22
0.0,2073408,248,8360.5,8000.0,7104,27584,1739.4,PushPop,myelin-exec:__myl_AddSqrDivMulCasMulAddTra_myl2_5
0.0,2031264,248,8190.6,7680.0,6880,33504,2737.1,PushPop,myelin-exec:_gemm_mha_v2_myl2_8
0.0,1965120,248,7923.9,7712.0,6976,18848,1189.1,PushPop,myelin-exec:_gemm_mha_v2_myl2_26
0.0,1950464,248,7864.8,7520.0,6688,29184,2018.3,PushPop,myelin-exec:__myl_AddSqrDivMulCasMulAddResTra_myl2_14
0.0,1937248,248,7811.5,7424.0,6432,30240,2102.6,PushPop,myelin-exec:_gemm_mha_v2_myl2_17
0.0,1414656,264,5358.5,5184.0,4288,21440,1192.0,StartEnd,myelin-exec:myelinGraphLoad
0.0,1381632,264,5233.5,5024.0,4352,20704,1174.5,StartEnd,myelin-exec:myelinGraphUnload
0.0,703040,16,43940.0,38912.0,36832,92992,13833.0,PushPop,TensorRT:Reformatting CopyNode for Input Tensor 0 to {ForeignNode[/transformer/layers.2/self_attn/Slice_3_output_0[Constant]...(Unnamed Layer* 1030) [ElementWise]]}
0.0,702976,16,43936.0,15792.0,14496,263104,76796.9,PushPop,myelin-exec:__myl_Fc_myl1_11
0.0,570112,16,35632.0,25344.0,22240,118016,26159.4,PushPop,myelin-exec:/input_proj/input_proj_0/MatMul_myl1_2
0.0,526944,16,32934.0,14736.0,11904,164256,45357.1,PushPop,myelin-exec:__myl_Fc_myl1_20
0.0,449376,16,28086.0,13744.0,12256,138752,39491.1,PushPop,myelin-exec:__myl_FcAdd_myl1_21
0.0,440224,16,27514.0,13984.0,13088,127904,36752.7,PushPop,myelin-exec:__myl_FcAdd_myl1_12
0.0,426720,16,26670.0,26240.0,19456,38752,5603.8,PushPop,TensorRT:Reformatting CopyNode for Output Tensor 0 to {ForeignNode[/transformer/layers.2/self_attn/Slice_3_output_0[Constant]...(Unnamed Layer* 1030) [ElementWise]]}
0.0,426208,16,26638.0,13168.0,12192,121312,35737.7,PushPop,myelin-exec:__myl_Fc_myl1_29
0.0,414848,16,25928.0,12960.0,12160,121920,35200.3,PushPop,myelin-exec:__myl_FcAdd_myl1_30
0.0,407840,16,25490.0,19520.0,18304,59552,13179.7,PushPop,myelin-exec:/out_head/out_head_3/Gemm_myl1_34
0.0,405984,16,25374.0,12704.0,12000,112224,33913.8,PushPop,myelin-exec:__myl_Fc_myl1_33
0.0,345280,264,1307.9,1120.0,768,41088,2463.8,StartEnd,myelin-exec:myelinTensorGetInputMemoryBatch
0.0,330528,16,20658.0,18224.0,17344,37568,5300.5,PushPop,myelin-exec:__myl_MulMulMulSinCosConResCon_myl1_1
0.0,305984,16,19124.0,14112.0,13152,50400,11522.9,PushPop,myelin-exec:/transformer/layers_0/self_attn/Gemm_myl1_9
0.0,296896,16,18556.0,15248.0,14432,46560,9113.3,PushPop,myelin-exec:/transformer/layers_0/self_attn/MatMul_myl1_6
0.0,294048,16,18378.0,13632.0,12320,61568,13421.7,PushPop,myelin-exec:/transformer/layers_2/self_attn/MatMul_myl1_24
0.0,278624,16,17414.0,13936.0,12896,43488,9705.4,PushPop,myelin-exec:/transformer/layers_1/self_attn/MatMul_myl1_15
0.0,266176,16,16636.0,13008.0,11968,45408,9873.3,PushPop,myelin-exec:/transformer/layers_1/self_attn/Gemm_myl1_18
0.0,256992,16,16062.0,12704.0,12000,43392,9379.0,PushPop,myelin-exec:/transformer/layers_2/self_attn/Gemm_myl1_27
0.0,253728,264,961.1,896.0,480,15872,936.0,StartEnd,myelin-exec:myelinTensorGetOutputMemoryBatch
0.0,214272,16,13392.0,12864.0,10848,19936,2366.5,PushPop,myelin-exec:__myl_DivCasErfCasAddMulMulCasMeaSubMulMea_myl1_3
0.0,199168,248,803.1,800.0,544,1536,143.9,PushPop,myelin-exec:__mye11371_0_myl2_0
0.0,196608,264,744.7,768.0,384,1184,170.8,StartEnd,myelin-exec:myelinTensorSetOutputMemoryBatch
0.0,194176,264,735.5,704.0,384,1312,151.6,StartEnd,myelin-exec:myelinTensorSetInputMemoryBatch
0.0,172096,16,10756.0,10752.0,8704,15360,1697.3,PushPop,myelin-exec:__myl_AddSqrDivMulCasMulAddResRepConCasMeaSubMulMea_myl1_4
0.0,168480,16,10530.0,8544.0,7680,27200,5096.8,PushPop,myelin-exec:__myl_CasMeaSubMulMea_myl1_22
0.0,166496,16,10406.0,9424.0,8352,17408,2794.2,PushPop,myelin-exec:__myl_TraAddResCasMeaSubMulMeaAddSqrDivMulCasMulAdd_myl1_10
0.0,166144,16,10384.0,9840.0,8608,16864,1881.0,PushPop,myelin-exec:__myl_TraResSliResTraResTraSliSliResMov_myl1_7
0.0,158976,16,9936.0,9360.0,8384,16320,1856.9,PushPop,myelin-exec:__myl_TraResSliSliResTraResTraSliResMov_myl1_16
0.0,157568,16,9848.0,9072.0,8192,18400,2504.2,PushPop,myelin-exec:__myl_ResTraAddResCasMeaSubMulMeaAddSqrDivMulCasMulAdd_myl1_19
0.0,153504,16,9594.0,8896.0,8256,15840,2250.7,PushPop,myelin-exec:__myl_CasMeaSubMulMea_myl1_13
0.0,153216,16,9576.0,9104.0,8128,17056,2067.6,PushPop,myelin-exec:__myl_TraResSliSliResTraResTraSliResMov_myl1_25
0.0,148832,16,9302.0,8832.0,8192,14784,1644.1,PushPop,myelin-exec:__myl_ResTraAddResCasMeaSubMulMeaAddSqrDivMulCasMulAdd_myl1_28
0.0,146656,16,9166.0,8592.0,7840,15296,1985.2,PushPop,myelin-exec:__myl_AddSqrDivMulCasMulAddResTra_myl1_14
0.0,146432,16,9152.0,9088.0,7680,11552,926.0,PushPop,myelin-exec:__myl_AddSqrDivMulCasMulAddTra_myl1_5
0.0,143776,16,8986.0,8288.0,7808,16096,2110.2,PushPop,myelin-exec:__myl_ResSli_myl1_31
0.0,143328,16,8958.0,8416.0,7680,15392,1833.8,PushPop,myelin-exec:__myl_ResCasMeaSubMulMeaAddSqrDivMulCasMulAdd_myl1_32
0.0,140192,16,8762.0,8336.0,7328,12864,1674.5,PushPop,myelin-exec:__myl_AddSqrDivMulCasMulAddResTra_myl1_23
0.0,140000,16,8750.0,8512.0,7392,12192,1095.9,PushPop,myelin-exec:_gemm_mha_v2_myl1_8
0.0,137216,16,8576.0,8352.0,7456,11776,978.6,PushPop,myelin-exec:_gemm_mha_v2_myl1_26
0.0,135136,16,8446.0,8384.0,7392,10048,659.0,PushPop,myelin-exec:_gemm_mha_v2_myl1_17
0.0,123040,4,30760.0,30880.0,25120,36160,5418.6,StartEnd,myelin-exec:myelinGraphResolveShapes 
0.0,16160,4,4040.0,3952.0,3392,4864,648.7,StartEnd,myelin-exec:myelinTensorGetMemory
0.0,15392,16,962.0,832.0,608,2112,400.3,PushPop,myelin-exec:__mye10349_0_myl1_0
